Date,Visits 
03/19/2024,1
03/19/2024,1
03/19/2024,1
03/19/2024,1
03/19/2024,1
03/19/2024,1
03/19/2024,1
03/19/2024,1
03/19/2024,1
03/19/2024,1
03/19/2024,1
03/19/2024,1
03/19/2024,1
03/19/2024,1
03/19/2024,1
03/19/2024,1
03/19/2024,1
03/19/2024,1
03/19/2024,1
03/19/2024,1
03/19/2024,1
03/19/2024,1
03/19/2024,1
03/19/2024,1
03/19/2024,1
03/19/2024,1
03/19/2024,1
03/19/2024,1
03/19/2024,1
03/19/2024,1
03/19/2024,1
03/19/2024,1
03/19/2024,1
03/19/2024,1
03/19/2024,1
03/19/2024,1
03/19/2024,1
03/19/2024,1
03/19/2024,1
03/19/2024,1
03/19/2024,1
03/19/2024,1
03/19/2024,1
03/19/2024,1
03/19/2024,1
03/19/2024,1
03/19/2024,1
3/20/2024,1
3/20/2024,1
3/20/2024,1
3/20/2024,1
3/20/2024,1
3/20/2024,1
3/20/2024,1
3/20/2024,1
3/20/2024,1
3/20/2024,1
3/20/2024,1
3/20/2024,1
3/20/2024,1
3/20/2024,1
3/20/2024,1
3/20/2024,1
3/20/2024,1
3/20/2024,1
3/20/2024,1
3/20/2024,1
3/20/2024,1
3/20/2024,1
3/20/2024,1
3/20/2024,1
3/20/2024,1
3/20/2024,1
3/20/2024,1
3/20/2024,1
3/20/2024,1
3/20/2024,1
3/20/2024,1
3/20/2024,1
3/20/2024,1
3/20/2024,1
3/20/2024,1
3/20/2024,1
3/20/2024,1
3/20/2024,1
3/20/2024,1
3/20/2024,1
3/20/2024,1
3/20/2024,1
3/20/2024,1
3/20/2024,1
3/20/2024,1
3/20/2024,1
3/20/2024,1
3/20/2024,1
3/20/2024,1
3/20/2024,1
3/20/2024,1
3/20/2024,1
3/20/2024,1
3/20/2024,1
3/20/2024,1
3/20/2024,1
3/20/2024,1
3/20/2024,1
3/20/2024,1
3/20/2024,1
3/20/2024,1
3/20/2024,1
3/20/2024,1
3/20/2024,1
3/20/2024,1
3/20/2024,1
3/20/2024,1
3/20/2024,1
3/20/2024,1
3/20/2024,1
3/20/2024,1
3/20/2024,1
3/20/2024,1
3/20/2024,1
3/20/2024,1
3/20/2024,1
3/20/2024,1
3/20/2024,1
3/20/2024,1
3/20/2024,1
3/20/2024,1
3/20/2024,1
3/20/2024,1
3/21/2024,1
3/21/2024,1
3/21/2024,1
3/21/2024,1
3/21/2024,1
3/21/2024,1
3/21/2024,1
3/21/2024,1
3/21/2024,1
3/21/2024,1
3/21/2024,1
3/21/2024,1
3/21/2024,1
3/21/2024,1
3/21/2024,1
3/21/2024,1
3/21/2024,1
3/21/2024,1
3/21/2024,1
3/21/2024,1
3/21/2024,1
3/21/2024,1
3/21/2024,1
3/21/2024,1
3/21/2024,1
3/21/2024,1
3/21/2024,1
3/21/2024,1
3/21/2024,1
3/21/2024,1
3/21/2024,1
3/21/2024,1
3/21/2024,1
3/21/2024,1
3/21/2024,1
3/21/2024,1
3/21/2024,1
3/21/2024,1
3/21/2024,1
3/21/2024,1
3/21/2024,1
3/21/2024,1
3/21/2024,1
3/21/2024,1
3/21/2024,1
3/21/2024,1
3/21/2024,1
3/21/2024,1
3/21/2024,1
3/21/2024,1
3/21/2024,1
3/21/2024,1
3/21/2024,1
3/21/2024,1
3/21/2024,1
3/21/2024,1
3/21/2024,1
3/21/2024,1
3/21/2024,1
3/21/2024,1
3/21/2024,1
3/21/2024,1
3/21/2024,1
3/21/2024,1
3/21/2024,1
3/21/2024,1
3/21/2024,1
3/21/2024,1
3/21/2024,1
3/21/2024,1
3/21/2024,1
3/21/2024,1
3/21/2024,1
3/21/2024,1
3/21/2024,1
3/21/2024,1
3/21/2024,1
3/21/2024,1
3/21/2024,1
3/21/2024,1
3/21/2024,1
3/21/2024,1
3/21/2024,1
3/21/2024,1
3/21/2024,1
3/21/2024,1
3/21/2024,1
3/21/2024,1
3/21/2024,1
3/21/2024,1
3/21/2024,1
3/21/2024,1
3/21/2024,1
3/21/2024,1
3/21/2024,1
3/22/2024,1
3/22/2024,1
3/22/2024,1
3/22/2024,1
3/22/2024,1
3/22/2024,1
3/22/2024,1
3/22/2024,1
3/22/2024,1
3/22/2024,1
3/22/2024,1
3/22/2024,1
3/22/2024,1
3/22/2024,1
3/22/2024,1
3/22/2024,1
3/22/2024,1
3/22/2024,1
3/22/2024,1
3/22/2024,1
3/22/2024,1
3/22/2024,1
3/22/2024,1
3/22/2024,1
3/22/2024,1
3/22/2024,1
3/22/2024,1
3/22/2024,1
3/22/2024,1
3/22/2024,1
3/22/2024,1
3/22/2024,1
3/22/2024,1
3/22/2024,1
3/22/2024,1
3/22/2024,1
3/22/2024,1
3/22/2024,1
3/22/2024,1
3/22/2024,1
3/22/2024,1
3/22/2024,1
3/22/2024,1
3/22/2024,1
3/22/2024,1
3/22/2024,1
3/22/2024,1
3/22/2024,1
3/22/2024,1
3/22/2024,1
3/22/2024,1
3/22/2024,1
3/22/2024,1
3/22/2024,1
3/22/2024,1
3/22/2024,1
3/22/2024,1
3/22/2024,1
3/22/2024,1
3/22/2024,1
3/22/2024,1
3/22/2024,1
3/22/2024,1
3/22/2024,1
3/22/2024,1
3/22/2024,1
3/22/2024,1
3/22/2024,1
3/22/2024,1
3/22/2024,1
3/22/2024,1
3/22/2024,1
3/22/2024,1
3/22/2024,1
3/22/2024,1
3/22/2024,1
3/22/2024,1
3/22/2024,1
3/22/2024,1
3/22/2024,1
3/22/2024,1
3/22/2024,1
3/22/2024,1
3/22/2024,1
3/22/2024,1
3/22/2024,1
3/22/2024,1
3/22/2024,1
3/22/2024,1
3/22/2024,1
3/22/2024,1
3/22/2024,1
3/22/2024,1
3/22/2024,1
3/22/2024,1
3/22/2024,1
3/22/2024,1
3/22/2024,1
3/22/2024,1
3/22/2024,1
3/22/2024,1
3/22/2024,1
3/22/2024,1
3/22/2024,1
3/22/2024,1
3/22/2024,1
3/22/2024,1
3/22/2024,1
3/22/2024,1
3/22/2024,1
3/22/2024,1
3/22/2024,1
3/22/2024,1
3/22/2024,1
3/22/2024,1
3/22/2024,1
3/22/2024,1
3/22/2024,1
3/22/2024,1
3/22/2024,1
3/22/2024,1
3/22/2024,1
3/22/2024,1
3/22/2024,1
3/22/2024,1
3/22/2024,1
3/22/2024,1
3/22/2024,1
3/22/2024,1
3/22/2024,1
3/22/2024,1
3/22/2024,1
3/22/2024,1
3/22/2024,1
3/22/2024,1
3/22/2024,1
3/22/2024,1
3/22/2024,1
3/22/2024,1
3/22/2024,1
3/22/2024,1
3/23/2024,1
3/23/2024,1
3/23/2024,1
3/23/2024,1
3/23/2024,1
3/23/2024,1
3/23/2024,1
3/23/2024,1
3/23/2024,1
3/23/2024,1
3/23/2024,1
3/23/2024,1
3/23/2024,1
3/23/2024,1
3/23/2024,1
3/23/2024,1
3/23/2024,1
3/23/2024,1
3/23/2024,1
3/23/2024,1
3/23/2024,1
3/23/2024,1
3/23/2024,1
3/23/2024,1
3/23/2024,1
3/23/2024,1
3/23/2024,1
3/23/2024,1
3/23/2024,1
3/23/2024,1
3/23/2024,1
3/23/2024,1
3/23/2024,1
3/23/2024,1
3/23/2024,1
3/23/2024,1
3/23/2024,1
3/23/2024,1
3/23/2024,1
3/23/2024,1
3/23/2024,1
3/23/2024,1
3/23/2024,1
3/23/2024,1
3/23/2024,1
3/23/2024,1
3/23/2024,1
3/23/2024,1
3/23/2024,1
3/23/2024,1
3/23/2024,1
3/23/2024,1
3/23/2024,1
3/23/2024,1
3/23/2024,1
3/23/2024,1
3/23/2024,1
3/23/2024,1
3/23/2024,1
3/23/2024,1
3/23/2024,1
3/23/2024,1
3/23/2024,1
3/23/2024,1
3/23/2024,1
3/23/2024,1
3/23/2024,1
3/23/2024,1
3/23/2024,1
3/23/2024,1
3/23/2024,1